{
    "Border": [
        0.4300000071525574,
        0.4300000071525574,
        0.5,
        0.5
    ],
    "BorderShadow": [
        0.0,
        0.0,
        0.0,
        0.0
    ],
    "Button": [
        0.25999999046325684,
        0.5899999737739563,
        0.9800000190734863,
        0.4000000059604645
    ],
    "ButtonActive": [
        0.05999999865889549,
        0.5299999713897705,
        0.9800000190734863,
        1.0
    ],
    "ButtonHovered": [
        0.25999999046325684,
        0.5899999737739563,
        0.9800000190734863,
        1.0
    ],
    "CheckMark": [
        0.25999999046325684,
        0.5899999737739563,
        0.9800000190734863,
        1.0
    ],
    "ChildBg": [
        0.0,
        0.0,
        0.0,
        0.0
    ],
    "DockingEmptyBg": [
        0.20000000298023224,
        0.20000000298023224,
        0.20000000298023224,
        1.0
    ],
    "DockingPreview": [
        0.25999999046325684,
        0.5899999737739563,
        0.9800000190734863,
        0.699999988079071
    ],
    "DragDropTarget": [
        1.0,
        1.0,
        0.0,
        0.8999999761581421
    ],
    "FrameBg": [
        0.1599999964237213,
        0.28999999165534973,
        0.47999998927116394,
        0.5400000214576721
    ],
    "FrameBgActive": [
        0.25999999046325684,
        0.5899999737739563,
        0.9800000190734863,
        0.6700000166893005
    ],
    "FrameBgHovered": [
        0.25999999046325684,
        0.5899999737739563,
        0.9800000190734863,
        0.4000000059604645
    ],
    "Header": [
        0.25999999046325684,
        0.5899999737739563,
        0.9800000190734863,
        0.3100000023841858
    ],
    "HeaderActive": [
        0.25999999046325684,
        0.5899999737739563,
        0.9800000190734863,
        1.0
    ],
    "HeaderHovered": [
        0.25999999046325684,
        0.5899999737739563,
        0.9800000190734863,
        0.800000011920929
    ],
    "MenuBarBg": [
        0.14000000059604645,
        0.14000000059604645,
        0.14000000059604645,
        1.0
    ],
    "ModalWindowDimBg": [
        0.800000011920929,
        0.800000011920929,
        0.800000011920929,
        0.3499999940395355
    ],
    "NavHighlight": [
        0.25999999046325684,
        0.5899999737739563,
        0.9800000190734863,
        1.0
    ],
    "NavWindowingDimBg": [
        0.800000011920929,
        0.800000011920929,
        0.800000011920929,
        0.20000000298023224
    ],
    "NavWindowingHighlight": [
        1.0,
        1.0,
        1.0,
        0.699999988079071
    ],
    "PlotHistogram": [
        0.8999999761581421,
        0.699999988079071,
        0.0,
        1.0
    ],
    "PlotHistogramHovered": [
        1.0,
        0.6000000238418579,
        0.0,
        1.0
    ],
    "PlotLines": [
        0.6100000143051147,
        0.6100000143051147,
        0.6100000143051147,
        1.0
    ],
    "PlotLinesHovered": [
        1.0,
        0.4300000071525574,
        0.3499999940395355,
        1.0
    ],
    "PopupBg": [
        0.07999999821186066,
        0.07999999821186066,
        0.07999999821186066,
        0.9399999976158142
    ],
    "ResizeGrip": [
        0.25999999046325684,
        0.5899999737739563,
        0.9800000190734863,
        0.20000000298023224
    ],
    "ResizeGripActive": [
        0.25999999046325684,
        0.5899999737739563,
        0.9800000190734863,
        0.949999988079071
    ],
    "ResizeGripHovered": [
        0.25999999046325684,
        0.5899999737739563,
        0.9800000190734863,
        0.6700000166893005
    ],
    "ScrollbarBg": [
        0.019999999552965164,
        0.019999999552965164,
        0.019999999552965164,
        0.5299999713897705
    ],
    "ScrollbarGrab": [
        0.3100000023841858,
        0.3100000023841858,
        0.3100000023841858,
        1.0
    ],
    "ScrollbarGrabActive": [
        0.5099999904632568,
        0.5099999904632568,
        0.5099999904632568,
        1.0
    ],
    "ScrollbarGrabHovered": [
        0.4099999964237213,
        0.4099999964237213,
        0.4099999964237213,
        1.0
    ],
    "Separator": [
        0.4300000071525574,
        0.4300000071525574,
        0.5,
        0.5
    ],
    "SeparatorActive": [
        0.10000000149011612,
        0.4000000059604645,
        0.75,
        1.0
    ],
    "SeparatorHovered": [
        0.10000000149011612,
        0.4000000059604645,
        0.75,
        0.7799999713897705
    ],
    "SliderGrab": [
        0.23999999463558197,
        0.5199999809265137,
        0.8799999952316284,
        1.0
    ],
    "SliderGrabActive": [
        0.25999999046325684,
        0.5899999737739563,
        0.9800000190734863,
        1.0
    ],
    "Tab": [
        0.17999999225139618,
        0.34999996423721313,
        0.5800000429153442,
        0.8619999885559082
    ],
    "TabActive": [
        0.19999998807907104,
        0.4099999666213989,
        0.6800000071525574,
        1.0
    ],
    "TabHovered": [
        0.25999999046325684,
        0.5899999737739563,
        0.9800000190734863,
        0.800000011920929
    ],
    "TabUnfocused": [
        0.06800000369548798,
        0.10199998319149017,
        0.14800003170967102,
        0.9724000096321106
    ],
    "TabUnfocusedActive": [
        0.13599997758865356,
        0.2619999647140503,
        0.42399999499320984,
        1.0
    ],
    "TableBorderLight": [
        0.23000000417232513,
        0.23000000417232513,
        0.25,
        1.0
    ],
    "TableBorderStrong": [
        0.3100000023841858,
        0.3100000023841858,
        0.3499999940395355,
        1.0
    ],
    "TableHeaderBg": [
        0.1899999976158142,
        0.1899999976158142,
        0.20000000298023224,
        1.0
    ],
    "TableRowBg": [
        0.0,
        0.0,
        0.0,
        0.0
    ],
    "TableRowBgAlt": [
        1.0,
        1.0,
        1.0,
        0.05999999865889549
    ],
    "Text": [
        1.0,
        1.0,
        1.0,
        1.0
    ],
    "TextDisabled": [
        1.0,
        0.0,
        0.0,
        1.0
    ],
    "TextSelectedBg": [
        0.25999999046325684,
        0.5899999737739563,
        0.9800000190734863,
        0.3499999940395355
    ],
    "TitleBg": [
        0.03999999910593033,
        0.03999999910593033,
        0.03999999910593033,
        1.0
    ],
    "TitleBgActive": [
        0.1599999964237213,
        0.28999999165534973,
        0.47999998927116394,
        1.0
    ],
    "TitleBgCollapsed": [
        0.0,
        0.0,
        0.0,
        0.5099999904632568
    ],
    "WindowBg": [
        0.05999999865889549,
        0.05999999865889549,
        0.05999999865889549,
        0.9399999976158142
    ]
}
